-- MySQL dump sin CREATE DATABASE (compatible con phpMyAdmin de Namecheap)
-- Usar directamente con la BD ya existente
USE `olimcnhc_campeonato_bd`;
-- MySQL dump 10.13  Distrib 8.0.45, for Win64 (x86_64)
--
-- Host: 209.74.89.191    Database: campeonato_bd
-- ------------------------------------------------------
-- Server version	8.0.44

/*!40101 SET @OLD_CHARACTER_SET_CLIENT=@@CHARACTER_SET_CLIENT */;
/*!40101 SET @OLD_CHARACTER_SET_RESULTS=@@CHARACTER_SET_RESULTS */;
/*!40101 SET @OLD_COLLATION_CONNECTION=@@COLLATION_CONNECTION */;
/*!50503 SET NAMES utf8 */;
/*!40103 SET @OLD_TIME_ZONE=@@TIME_ZONE */;
/*!40103 SET TIME_ZONE='+00:00' */;
/*!40014 SET @OLD_UNIQUE_CHECKS=@@UNIQUE_CHECKS, UNIQUE_CHECKS=0 */;
/*!40014 SET @OLD_FOREIGN_KEY_CHECKS=@@FOREIGN_KEY_CHECKS, FOREIGN_KEY_CHECKS=0 */;
/*!40101 SET @OLD_SQL_MODE=@@SQL_MODE, SQL_MODE='NO_AUTO_VALUE_ON_ZERO' */;
/*!40111 SET @OLD_SQL_NOTES=@@SQL_NOTES, SQL_NOTES=0 */;

--
-- Table structure for table `TblDisciplina`
--

DROP TABLE IF EXISTS `TblDisciplina`;
/*!40101 SET @saved_cs_client     = @@character_set_client */;
/*!50503 SET character_set_client = utf8mb4 */;
CREATE TABLE `TblDisciplina` (
  `id` int NOT NULL AUTO_INCREMENT,
  `nombre` varchar(100) COLLATE utf8mb4_unicode_ci NOT NULL,
  `activa` tinyint(1) DEFAULT '1',
  `fecha_creacion` timestamp NULL DEFAULT CURRENT_TIMESTAMP,
  `fecha_actualizacion` timestamp NULL DEFAULT CURRENT_TIMESTAMP ON UPDATE CURRENT_TIMESTAMP,
  `tipo_competicion` enum('vs','puntos') COLLATE utf8mb4_unicode_ci DEFAULT 'vs',
  PRIMARY KEY (`id`),
  UNIQUE KEY `nombre` (`nombre`),
  KEY `idx_nombre` (`nombre`)
) ENGINE=InnoDB AUTO_INCREMENT=10 DEFAULT CHARSET=utf8mb4 COLLATE=utf8mb4_unicode_ci;
/*!40101 SET character_set_client = @saved_cs_client */;

--
-- Dumping data for table `TblDisciplina`
--

LOCK TABLES `TblDisciplina` WRITE;
/*!40000 ALTER TABLE `TblDisciplina` DISABLE KEYS */;
INSERT INTO `TblDisciplina` VALUES (1,'Fulbito',1,'2026-05-21 18:51:33','2026-05-21 19:01:18','vs'),(2,'Basquetbol',1,'2026-05-21 18:52:21','2026-05-21 18:52:21','vs'),(4,'Atletismo',1,'2026-05-27 14:46:47','2026-05-27 14:46:47','vs'),(5,'Natacion',1,'2026-05-27 14:46:58','2026-06-04 18:47:05','puntos'),(6,'Billar Bola 9',1,'2026-05-27 14:47:09','2026-06-04 18:47:04','puntos'),(7,'Tiro al Sapo',1,'2026-05-27 14:47:20','2026-06-04 18:47:04','puntos'),(8,'Cubilete',1,'2026-05-27 14:47:29','2026-06-04 18:47:04','puntos'),(9,'Inauguracion',1,'2026-05-27 14:47:45','2026-05-27 14:47:45','vs');
/*!40000 ALTER TABLE `TblDisciplina` ENABLE KEYS */;
UNLOCK TABLES;

--
-- Table structure for table `TblEquipo`
--

DROP TABLE IF EXISTS `TblEquipo`;
/*!40101 SET @saved_cs_client     = @@character_set_client */;
/*!50503 SET character_set_client = utf8mb4 */;
CREATE TABLE `TblEquipo` (
  `id` int NOT NULL AUTO_INCREMENT,
  `nombre` varchar(100) COLLATE utf8mb4_unicode_ci NOT NULL,
  `activa` tinyint(1) DEFAULT '1',
  `fecha_creacion` timestamp NULL DEFAULT CURRENT_TIMESTAMP,
  `fecha_actualizacion` timestamp NULL DEFAULT CURRENT_TIMESTAMP ON UPDATE CURRENT_TIMESTAMP,
  PRIMARY KEY (`id`),
  UNIQUE KEY `nombre` (`nombre`),
  KEY `idx_nombre` (`nombre`)
) ENGINE=InnoDB AUTO_INCREMENT=33 DEFAULT CHARSET=utf8mb4 COLLATE=utf8mb4_unicode_ci;
/*!40101 SET character_set_client = @saved_cs_client */;

--
-- Dumping data for table `TblEquipo`
--

LOCK TABLES `TblEquipo` WRITE;
/*!40000 ALTER TABLE `TblEquipo` DISABLE KEYS */;
INSERT INTO `TblEquipo` VALUES (1,'1982',1,'2026-05-29 19:48:35','2026-05-29 19:53:34'),(2,'1983',1,'2026-05-29 19:48:35','2026-05-29 19:53:35'),(4,'1985',1,'2026-05-29 19:48:35','2026-05-29 19:53:37'),(5,'1986',1,'2026-05-29 19:49:51','2026-05-29 19:53:37'),(6,'1989',1,'2026-05-29 20:08:33','2026-05-29 20:08:33'),(7,'1987',1,'2026-05-29 21:17:02','2026-05-29 21:17:02'),(8,'1988',1,'2026-05-29 21:18:03','2026-05-29 21:18:03'),(9,'1990',1,'2026-05-29 21:19:56','2026-05-29 21:19:56'),(10,'1991',1,'2026-05-29 21:22:28','2026-05-29 21:22:28'),(11,'1992',1,'2026-05-29 21:27:48','2026-05-29 21:27:48'),(12,'1993',1,'2026-05-29 21:28:40','2026-05-29 21:28:40'),(13,'1994',1,'2026-05-29 21:29:24','2026-05-29 21:29:24'),(14,'1995',1,'2026-05-29 21:30:03','2026-05-29 21:30:03'),(15,'1996',1,'2026-05-29 21:31:04','2026-05-29 21:31:04'),(16,'1997',1,'2026-05-29 21:31:52','2026-05-29 21:31:52'),(17,'1998',1,'2026-05-29 21:32:40','2026-05-29 21:32:40'),(18,'1999',1,'2026-05-29 21:33:25','2026-05-29 21:33:25'),(19,'2000',1,'2026-05-29 21:34:01','2026-05-29 21:34:01'),(20,'2001',1,'2026-05-29 21:34:49','2026-05-29 21:34:49'),(21,'2002',1,'2026-05-29 21:36:00','2026-05-29 21:36:00'),(22,'2004',1,'2026-05-29 21:36:52','2026-05-29 21:36:52'),(23,'2005',1,'2026-05-29 21:37:40','2026-05-29 21:37:40'),(24,'2006',1,'2026-05-29 21:38:22','2026-05-29 21:38:22'),(25,'2007',1,'2026-05-29 21:39:01','2026-05-29 21:39:01'),(26,'2009',1,'2026-05-29 21:39:44','2026-05-29 21:39:44'),(27,'2014',1,'2026-05-29 21:40:03','2026-05-29 21:40:03'),(28,'2018',1,'2026-05-29 21:40:13','2026-05-29 21:40:13'),(29,'2020',1,'2026-05-29 21:40:25','2026-05-29 21:40:25'),(30,'2013',1,'2026-06-05 15:52:37','2026-06-05 15:52:37');
/*!40000 ALTER TABLE `TblEquipo` ENABLE KEYS */;
UNLOCK TABLES;

--
-- Table structure for table `TblEquipoDisciplina`
--

DROP TABLE IF EXISTS `TblEquipoDisciplina`;
/*!40101 SET @saved_cs_client     = @@character_set_client */;
/*!50503 SET character_set_client = utf8mb4 */;
CREATE TABLE `TblEquipoDisciplina` (
  `id` int NOT NULL AUTO_INCREMENT,
  `equipo_id` int NOT NULL,
  `disciplina_id` int NOT NULL,
  `serie_id` int NOT NULL,
  `fecha_creacion` timestamp NULL DEFAULT CURRENT_TIMESTAMP,
  PRIMARY KEY (`id`),
  UNIQUE KEY `unique_equipo_disciplina_serie` (`equipo_id`,`disciplina_id`,`serie_id`),
  KEY `idx_equipo` (`equipo_id`),
  KEY `idx_disciplina` (`disciplina_id`),
  KEY `idx_serie` (`serie_id`),
  CONSTRAINT `TblEquipoDisciplina_ibfk_1` FOREIGN KEY (`equipo_id`) REFERENCES `TblEquipo` (`id`) ON DELETE CASCADE,
  CONSTRAINT `TblEquipoDisciplina_ibfk_2` FOREIGN KEY (`disciplina_id`) REFERENCES `TblDisciplina` (`id`) ON DELETE CASCADE,
  CONSTRAINT `TblEquipoDisciplina_ibfk_3` FOREIGN KEY (`serie_id`) REFERENCES `TblSeries` (`id`) ON DELETE CASCADE
) ENGINE=InnoDB AUTO_INCREMENT=337 DEFAULT CHARSET=utf8mb4 COLLATE=utf8mb4_unicode_ci;
/*!40101 SET character_set_client = @saved_cs_client */;

--
-- Dumping data for table `TblEquipoDisciplina`
--

LOCK TABLES `TblEquipoDisciplina` WRITE;
/*!40000 ALTER TABLE `TblEquipoDisciplina` DISABLE KEYS */;
INSERT INTO `TblEquipoDisciplina` VALUES (88,6,1,2,'2026-05-29 21:22:48'),(89,6,4,2,'2026-05-29 21:22:48'),(90,6,5,2,'2026-05-29 21:22:48'),(91,6,6,2,'2026-05-29 21:22:48'),(92,6,7,2,'2026-05-29 21:22:49'),(93,6,8,2,'2026-05-29 21:22:49'),(101,1,1,1,'2026-05-29 21:23:08'),(103,1,4,1,'2026-05-29 21:23:09'),(104,1,5,1,'2026-05-29 21:23:09'),(105,1,6,1,'2026-05-29 21:23:09'),(106,1,7,1,'2026-05-29 21:23:10'),(107,1,8,1,'2026-05-29 21:23:10'),(108,2,1,1,'2026-05-29 21:23:32'),(110,2,4,1,'2026-05-29 21:23:33'),(111,2,5,1,'2026-05-29 21:23:34'),(112,2,6,1,'2026-05-29 21:23:34'),(113,2,7,1,'2026-05-29 21:23:34'),(114,2,8,1,'2026-05-29 21:23:35'),(115,4,1,1,'2026-05-29 21:23:44'),(117,4,4,1,'2026-05-29 21:23:45'),(118,4,5,1,'2026-05-29 21:23:45'),(119,4,6,1,'2026-05-29 21:23:45'),(120,4,7,1,'2026-05-29 21:23:46'),(121,4,8,1,'2026-05-29 21:23:46'),(169,15,4,3,'2026-05-29 21:31:05'),(170,15,2,3,'2026-05-29 21:31:05'),(171,15,6,3,'2026-05-29 21:31:06'),(172,15,8,3,'2026-05-29 21:31:06'),(173,15,1,3,'2026-05-29 21:31:06'),(174,15,5,3,'2026-05-29 21:31:07'),(175,15,7,3,'2026-05-29 21:31:07'),(176,16,4,3,'2026-05-29 21:31:53'),(177,16,2,3,'2026-05-29 21:31:54'),(178,16,6,3,'2026-05-29 21:31:55'),(179,16,8,3,'2026-05-29 21:31:55'),(180,16,1,3,'2026-05-29 21:31:55'),(181,16,5,3,'2026-05-29 21:31:56'),(182,16,7,3,'2026-05-29 21:31:56'),(183,17,4,3,'2026-05-29 21:32:40'),(184,17,2,3,'2026-05-29 21:32:41'),(185,17,6,3,'2026-05-29 21:32:41'),(186,17,8,3,'2026-05-29 21:32:41'),(187,17,1,3,'2026-05-29 21:32:42'),(188,17,5,3,'2026-05-29 21:32:42'),(189,17,7,3,'2026-05-29 21:32:42'),(190,18,4,3,'2026-05-29 21:33:26'),(191,18,2,3,'2026-05-29 21:33:26'),(192,18,6,3,'2026-05-29 21:33:26'),(193,18,8,3,'2026-05-29 21:33:27'),(194,18,1,3,'2026-05-29 21:33:27'),(195,18,5,3,'2026-05-29 21:33:28'),(196,18,7,3,'2026-05-29 21:33:28'),(197,19,4,3,'2026-05-29 21:34:02'),(198,19,2,3,'2026-05-29 21:34:02'),(199,19,6,3,'2026-05-29 21:34:03'),(200,19,8,3,'2026-05-29 21:34:03'),(201,19,1,3,'2026-05-29 21:34:03'),(202,19,5,3,'2026-05-29 21:34:04'),(203,19,7,3,'2026-05-29 21:34:04'),(204,20,4,3,'2026-05-29 21:34:50'),(205,20,2,3,'2026-05-29 21:34:50'),(206,20,6,3,'2026-05-29 21:34:51'),(207,20,8,3,'2026-05-29 21:34:51'),(208,20,1,3,'2026-05-29 21:34:51'),(209,20,5,3,'2026-05-29 21:34:52'),(210,20,7,3,'2026-05-29 21:34:52'),(211,21,4,4,'2026-05-29 21:36:01'),(213,21,6,4,'2026-05-29 21:36:02'),(214,21,8,4,'2026-05-29 21:36:02'),(215,21,1,4,'2026-05-29 21:36:02'),(216,21,5,4,'2026-05-29 21:36:03'),(217,21,7,4,'2026-05-29 21:36:03'),(218,22,7,4,'2026-05-29 21:36:53'),(219,22,5,4,'2026-05-29 21:36:53'),(220,22,1,4,'2026-05-29 21:36:53'),(221,22,8,4,'2026-05-29 21:36:53'),(222,22,6,4,'2026-05-29 21:36:54'),(224,22,4,4,'2026-05-29 21:36:54'),(225,23,4,4,'2026-05-29 21:37:42'),(227,23,6,4,'2026-05-29 21:37:43'),(228,23,8,4,'2026-05-29 21:37:43'),(229,23,1,4,'2026-05-29 21:37:44'),(230,23,5,4,'2026-05-29 21:37:45'),(231,23,7,4,'2026-05-29 21:37:46'),(232,24,4,4,'2026-05-29 21:38:23'),(234,24,6,4,'2026-05-29 21:38:24'),(235,24,8,4,'2026-05-29 21:38:24'),(236,24,1,4,'2026-05-29 21:38:25'),(237,24,5,4,'2026-05-29 21:38:25'),(238,24,7,4,'2026-05-29 21:38:25'),(239,25,7,4,'2026-05-29 21:39:01'),(240,25,5,4,'2026-05-29 21:39:02'),(241,25,1,4,'2026-05-29 21:39:02'),(242,25,8,4,'2026-05-29 21:39:02'),(244,25,4,4,'2026-05-29 21:39:03'),(245,25,6,4,'2026-05-29 21:39:03'),(246,26,4,4,'2026-05-29 21:39:45'),(248,26,6,4,'2026-05-29 21:39:45'),(249,26,8,4,'2026-05-29 21:39:46'),(250,26,1,4,'2026-05-29 21:39:46'),(251,26,5,4,'2026-05-29 21:39:46'),(252,26,7,4,'2026-05-29 21:39:47'),(253,27,1,6,'2026-05-29 21:40:04'),(254,28,1,6,'2026-05-29 21:40:13'),(256,5,1,1,'2026-05-30 19:50:31'),(258,5,4,1,'2026-05-30 19:50:31'),(259,5,6,1,'2026-05-30 19:50:32'),(260,5,7,1,'2026-05-30 19:50:32'),(261,5,8,1,'2026-05-30 19:50:32'),(262,7,1,1,'2026-05-30 19:50:41'),(264,7,4,1,'2026-05-30 19:50:41'),(265,7,5,1,'2026-05-30 19:50:42'),(266,7,6,1,'2026-05-30 19:50:42'),(267,7,7,1,'2026-05-30 19:50:42'),(268,7,8,1,'2026-05-30 19:50:43'),(269,8,1,1,'2026-05-30 19:50:53'),(270,8,4,1,'2026-05-30 19:50:53'),(271,8,5,1,'2026-05-30 19:50:54'),(272,8,6,1,'2026-05-30 19:50:54'),(273,8,7,1,'2026-05-30 19:50:54'),(274,8,8,1,'2026-05-30 19:50:55'),(276,9,4,2,'2026-05-30 19:51:18'),(277,9,6,2,'2026-05-30 19:51:19'),(278,9,7,2,'2026-05-30 19:51:19'),(279,9,8,2,'2026-05-30 19:51:19'),(280,11,1,2,'2026-05-30 19:51:30'),(281,11,2,2,'2026-05-30 19:51:30'),(282,11,4,2,'2026-05-30 19:51:30'),(283,11,5,2,'2026-05-30 19:51:31'),(284,11,6,2,'2026-05-30 19:51:31'),(285,11,7,2,'2026-05-30 19:51:31'),(286,11,8,2,'2026-05-30 19:51:32'),(287,12,1,2,'2026-05-30 19:51:40'),(288,12,2,2,'2026-05-30 19:51:41'),(289,12,4,2,'2026-05-30 19:51:41'),(290,12,5,2,'2026-05-30 19:51:41'),(291,12,6,2,'2026-05-30 19:51:42'),(292,12,7,2,'2026-05-30 19:51:42'),(293,12,8,2,'2026-05-30 19:51:42'),(294,13,1,2,'2026-05-30 19:51:53'),(295,13,2,2,'2026-05-30 19:51:53'),(296,13,4,2,'2026-05-30 19:51:53'),(297,13,5,2,'2026-05-30 19:51:54'),(298,13,6,2,'2026-05-30 19:51:54'),(299,13,7,2,'2026-05-30 19:51:54'),(300,13,8,2,'2026-05-30 19:51:55'),(301,14,1,2,'2026-05-30 19:52:09'),(302,14,2,2,'2026-05-30 19:52:09'),(303,14,4,2,'2026-05-30 19:52:09'),(304,14,5,2,'2026-05-30 19:52:10'),(305,14,6,2,'2026-05-30 19:52:10'),(306,14,7,2,'2026-05-30 19:52:10'),(307,14,8,2,'2026-05-30 19:52:10'),(308,30,1,6,'2026-06-05 15:52:37'),(309,30,2,6,'2026-06-05 15:52:37'),(310,29,1,6,'2026-06-05 15:54:28'),(311,29,2,6,'2026-06-05 15:54:28'),(314,6,2,2,'2026-06-16 18:34:36'),(323,27,2,6,'2026-06-16 18:49:05'),(324,28,2,6,'2026-06-16 18:49:05'),(325,21,2,1,'2026-06-16 19:00:21'),(326,22,2,1,'2026-06-16 19:00:21'),(327,23,2,1,'2026-06-16 19:00:22'),(328,24,2,1,'2026-06-16 19:00:22'),(329,25,2,1,'2026-06-16 19:00:22'),(330,26,2,1,'2026-06-16 19:00:23'),(331,1,2,4,'2026-06-16 19:00:23'),(332,2,2,4,'2026-06-16 19:00:24'),(333,4,2,4,'2026-06-16 19:00:24'),(334,5,2,4,'2026-06-16 19:00:25'),(335,7,2,4,'2026-06-16 19:00:25'),(336,8,2,4,'2026-06-16 19:00:25');
/*!40000 ALTER TABLE `TblEquipoDisciplina` ENABLE KEYS */;
UNLOCK TABLES;

--
-- Table structure for table `TblFecha`
--

DROP TABLE IF EXISTS `TblFecha`;
/*!40101 SET @saved_cs_client     = @@character_set_client */;
/*!50503 SET character_set_client = utf8mb4 */;
CREATE TABLE `TblFecha` (
  `id` int NOT NULL AUTO_INCREMENT,
  `nombre` varchar(100) COLLATE utf8mb4_unicode_ci NOT NULL,
  `fecha` date NOT NULL,
  `activa` tinyint(1) DEFAULT '1',
  `fecha_creacion` timestamp NULL DEFAULT CURRENT_TIMESTAMP,
  `fecha_actualizacion` timestamp NULL DEFAULT CURRENT_TIMESTAMP ON UPDATE CURRENT_TIMESTAMP,
  `tipo` enum('Apertura','Clausura') COLLATE utf8mb4_unicode_ci DEFAULT 'Apertura',
  PRIMARY KEY (`id`),
  UNIQUE KEY `nombre` (`nombre`),
  UNIQUE KEY `fecha` (`fecha`),
  KEY `idx_nombre` (`nombre`),
  KEY `idx_fecha` (`fecha`)
) ENGINE=InnoDB AUTO_INCREMENT=13 DEFAULT CHARSET=utf8mb4 COLLATE=utf8mb4_unicode_ci;
/*!40101 SET character_set_client = @saved_cs_client */;

--
-- Dumping data for table `TblFecha`
--

LOCK TABLES `TblFecha` WRITE;
/*!40000 ALTER TABLE `TblFecha` DISABLE KEYS */;
INSERT INTO `TblFecha` VALUES (1,'Fecha 1','2026-06-13',1,'2026-05-29 21:03:01','2026-06-02 16:08:06','Apertura'),(2,'Fecha 2','2026-06-20',1,'2026-05-29 21:03:04','2026-05-29 21:07:18','Apertura'),(3,'Fecha 3','2026-06-27',1,'2026-05-29 21:03:06','2026-05-29 21:07:35','Apertura'),(4,'Fecha 4','2026-07-04',1,'2026-05-29 21:03:07','2026-05-29 21:07:50','Apertura'),(5,'Fecha 5','2026-07-11',1,'2026-05-29 21:03:10','2026-05-29 21:08:04','Apertura'),(6,'Fecha 6','2026-07-18',1,'2026-05-29 21:08:23','2026-06-02 16:09:05','Clausura'),(7,'Fecha 7','2026-07-25',1,'2026-05-29 21:08:42','2026-06-02 16:09:06','Clausura'),(8,'Fecha 8','2026-08-01',1,'2026-05-29 21:09:01','2026-06-02 16:09:06','Clausura'),(9,'Fecha 9','2026-08-06',1,'2026-05-29 21:09:18','2026-06-02 16:09:06','Clausura'),(10,'Fecha 10','2026-08-08',1,'2026-05-29 21:09:35','2026-06-02 16:09:07','Clausura');
/*!40000 ALTER TABLE `TblFecha` ENABLE KEYS */;
UNLOCK TABLES;

--
-- Table structure for table `TblPartido`
--

DROP TABLE IF EXISTS `TblPartido`;
/*!40101 SET @saved_cs_client     = @@character_set_client */;
/*!50503 SET character_set_client = utf8mb4 */;
CREATE TABLE `TblPartido` (
  `id` int NOT NULL AUTO_INCREMENT,
  `fecha_id` int NOT NULL,
  `disciplina_id` int NOT NULL,
  `serie_id` int NOT NULL,
  `equipo1_id` int NOT NULL,
  `equipo2_id` int NOT NULL,
  `goles_equipo1` int DEFAULT '0',
  `goles_equipo2` int DEFAULT '0',
  `estado` enum('Programado','En juego','Finalizado') COLLATE utf8mb4_unicode_ci DEFAULT 'Programado',
  `fecha_creacion` timestamp NULL DEFAULT CURRENT_TIMESTAMP,
  `fecha_actualizacion` timestamp NULL DEFAULT CURRENT_TIMESTAMP ON UPDATE CURRENT_TIMESTAMP,
  `puntos_individuales` int DEFAULT NULL,
  `sitio_id` int DEFAULT NULL,
  `horario_inicio` time DEFAULT NULL,
  PRIMARY KEY (`id`),
  KEY `equipo1_id` (`equipo1_id`),
  KEY `equipo2_id` (`equipo2_id`),
  KEY `idx_fecha` (`fecha_id`),
  KEY `idx_disciplina` (`disciplina_id`),
  KEY `idx_serie` (`serie_id`),
  KEY `idx_estado` (`estado`),
  CONSTRAINT `TblPartido_ibfk_1` FOREIGN KEY (`fecha_id`) REFERENCES `TblFecha` (`id`) ON DELETE CASCADE,
  CONSTRAINT `TblPartido_ibfk_2` FOREIGN KEY (`disciplina_id`) REFERENCES `TblDisciplina` (`id`) ON DELETE CASCADE,
  CONSTRAINT `TblPartido_ibfk_3` FOREIGN KEY (`serie_id`) REFERENCES `TblSeries` (`id`) ON DELETE CASCADE,
  CONSTRAINT `TblPartido_ibfk_4` FOREIGN KEY (`equipo1_id`) REFERENCES `TblEquipo` (`id`) ON DELETE CASCADE,
  CONSTRAINT `TblPartido_ibfk_5` FOREIGN KEY (`equipo2_id`) REFERENCES `TblEquipo` (`id`) ON DELETE CASCADE
) ENGINE=InnoDB AUTO_INCREMENT=817 DEFAULT CHARSET=utf8mb4 COLLATE=utf8mb4_unicode_ci;
/*!40101 SET character_set_client = @saved_cs_client */;

--
-- Dumping data for table `TblPartido`
--

LOCK TABLES `TblPartido` WRITE;
/*!40000 ALTER TABLE `TblPartido` DISABLE KEYS */;
INSERT INTO `TblPartido` VALUES (325,1,1,1,24,26,0,0,'Programado','2026-06-11 01:18:35','2026-06-16 21:04:16',NULL,1,'18:30:00'),(326,1,1,1,22,23,0,0,'Programado','2026-06-11 01:18:36','2026-06-16 21:04:16',NULL,1,'19:15:00'),(327,1,1,1,25,21,0,0,'Programado','2026-06-11 01:18:36','2026-06-16 21:04:17',NULL,1,'20:00:00'),(328,1,1,4,1,8,0,0,'Programado','2026-06-11 01:18:36','2026-06-16 21:04:17',NULL,1,'20:45:00'),(329,1,1,4,7,4,0,0,'Programado','2026-06-11 01:18:37','2026-06-16 21:04:17',NULL,1,'21:30:00'),(330,1,1,4,5,2,0,0,'Programado','2026-06-11 01:18:37','2026-06-16 21:04:18',NULL,1,'22:15:00'),(331,6,1,1,26,24,0,0,'Programado','2026-06-11 01:18:38','2026-06-11 03:24:15',NULL,1,'14:00:00'),(332,6,1,1,23,22,0,0,'Programado','2026-06-11 01:18:38','2026-06-11 03:24:16',NULL,1,'14:45:00'),(333,6,1,1,21,25,0,0,'Programado','2026-06-11 01:18:38','2026-06-11 03:24:16',NULL,1,'15:30:00'),(334,6,1,4,8,1,0,0,'Programado','2026-06-11 01:18:38','2026-06-11 03:24:17',NULL,1,'16:15:00'),(335,6,1,4,4,7,0,0,'Programado','2026-06-11 01:18:39','2026-06-11 03:24:17',NULL,1,'17:00:00'),(336,6,1,4,2,5,0,0,'Programado','2026-06-11 01:18:39','2026-06-11 03:24:18',NULL,1,'17:45:00'),(521,1,1,2,14,13,0,0,'Programado','2026-06-16 20:53:01','2026-06-16 21:05:11',NULL,11,'16:15:00'),(522,1,1,2,12,6,0,0,'Programado','2026-06-16 20:53:02','2026-06-16 21:05:11',NULL,11,'17:00:00'),(523,1,1,3,15,19,0,0,'Programado','2026-06-16 20:53:02','2026-06-16 21:05:12',NULL,11,'17:45:00'),(524,1,1,3,20,18,0,0,'Programado','2026-06-16 20:53:03','2026-06-16 21:05:12',NULL,11,'18:30:00'),(525,1,1,3,17,16,0,0,'Programado','2026-06-16 20:53:03','2026-06-16 21:05:13',NULL,11,'19:15:00'),(526,1,1,6,28,29,0,0,'Programado','2026-06-16 20:53:04','2026-06-16 21:05:13',NULL,11,'20:00:00'),(527,6,1,2,13,14,0,0,'Programado','2026-06-16 20:53:05','2026-06-16 20:55:57',NULL,11,'14:00:00'),(528,6,1,2,6,12,0,0,'Programado','2026-06-16 20:53:05','2026-06-16 20:55:58',NULL,11,'14:45:00'),(529,6,1,3,19,15,0,0,'Programado','2026-06-16 20:53:06','2026-06-16 20:58:24',NULL,11,'15:30:00'),(530,6,1,3,18,20,0,0,'Programado','2026-06-16 20:53:06','2026-06-16 20:58:24',NULL,11,'16:15:00'),(531,6,1,3,16,17,0,0,'Programado','2026-06-16 20:53:06','2026-06-16 20:58:25',NULL,11,'17:00:00'),(532,6,1,6,29,28,0,0,'Programado','2026-06-16 20:53:07','2026-06-16 20:54:11',NULL,11,'17:45:00'),(533,1,4,1,8,8,0,0,'Programado','2026-06-16 20:59:24','2026-06-16 20:59:24',NULL,17,'09:00:00'),(534,1,4,1,7,7,0,0,'Programado','2026-06-16 20:59:25','2026-06-16 20:59:25',NULL,17,'09:45:00'),(535,1,4,1,1,1,0,0,'Programado','2026-06-16 20:59:25','2026-06-16 20:59:25',NULL,17,'10:30:00'),(536,1,4,1,2,2,0,0,'Programado','2026-06-16 20:59:25','2026-06-16 20:59:25',NULL,17,'11:15:00'),(537,1,4,1,4,4,0,0,'Programado','2026-06-16 20:59:26','2026-06-16 20:59:26',NULL,17,'12:00:00'),(538,1,4,1,5,5,0,0,'Programado','2026-06-16 20:59:26','2026-06-16 20:59:26',NULL,17,'12:45:00'),(539,1,4,2,6,6,0,0,'Programado','2026-06-16 20:59:26','2026-06-16 20:59:26',NULL,17,'09:00:00'),(540,1,4,2,13,13,0,0,'Programado','2026-06-16 20:59:27','2026-06-16 20:59:27',NULL,17,'09:45:00'),(541,1,4,2,11,11,0,0,'Programado','2026-06-16 20:59:27','2026-06-16 20:59:27',NULL,17,'10:30:00'),(542,1,4,2,14,14,0,0,'Programado','2026-06-16 20:59:28','2026-06-16 20:59:28',NULL,17,'11:15:00'),(543,1,4,2,12,12,0,0,'Programado','2026-06-16 20:59:28','2026-06-16 20:59:28',NULL,17,'12:00:00'),(544,1,4,2,9,9,0,0,'Programado','2026-06-16 20:59:29','2026-06-16 20:59:29',NULL,17,'12:45:00'),(545,1,4,3,20,20,0,0,'Programado','2026-06-16 20:59:30','2026-06-16 20:59:30',NULL,17,'09:00:00'),(546,1,4,3,19,19,0,0,'Programado','2026-06-16 20:59:30','2026-06-16 20:59:30',NULL,17,'09:45:00'),(547,1,4,3,17,17,0,0,'Programado','2026-06-16 20:59:31','2026-06-16 20:59:31',NULL,17,'10:30:00'),(548,1,4,3,18,18,0,0,'Programado','2026-06-16 20:59:31','2026-06-16 20:59:31',NULL,17,'11:15:00'),(549,1,4,3,15,15,0,0,'Programado','2026-06-16 20:59:31','2026-06-16 20:59:31',NULL,17,'12:00:00'),(550,1,4,3,16,16,0,0,'Programado','2026-06-16 20:59:31','2026-06-16 20:59:31',NULL,17,'12:45:00'),(551,1,4,4,22,22,0,0,'Programado','2026-06-16 20:59:32','2026-06-16 20:59:32',NULL,17,'09:00:00'),(552,1,4,4,24,24,0,0,'Programado','2026-06-16 20:59:33','2026-06-16 20:59:33',NULL,17,'09:45:00'),(553,1,4,4,25,25,0,0,'Programado','2026-06-16 20:59:33','2026-06-16 20:59:33',NULL,17,'10:30:00'),(554,1,4,4,21,21,0,0,'Programado','2026-06-16 20:59:34','2026-06-16 20:59:34',NULL,17,'11:15:00'),(555,1,4,4,23,23,0,0,'Programado','2026-06-16 20:59:35','2026-06-16 20:59:35',NULL,17,'12:00:00'),(556,1,4,4,26,26,0,0,'Programado','2026-06-16 20:59:35','2026-06-16 20:59:35',NULL,17,'12:45:00'),(557,6,4,1,7,7,0,0,'Programado','2026-06-16 20:59:36','2026-06-16 20:59:36',NULL,17,'09:45:00'),(558,6,4,1,1,1,0,0,'Programado','2026-06-16 20:59:37','2026-06-16 20:59:37',NULL,17,'10:30:00'),(559,6,4,1,2,2,0,0,'Programado','2026-06-16 20:59:37','2026-06-16 20:59:37',NULL,17,'11:15:00'),(560,6,4,1,4,4,0,0,'Programado','2026-06-16 20:59:37','2026-06-16 20:59:37',NULL,17,'12:00:00'),(561,6,4,1,5,5,0,0,'Programado','2026-06-16 20:59:37','2026-06-16 20:59:37',NULL,17,'12:45:00'),(562,6,4,1,8,8,0,0,'Programado','2026-06-16 20:59:38','2026-06-16 20:59:38',NULL,17,'09:00:00'),(563,6,4,2,6,6,0,0,'Programado','2026-06-16 20:59:38','2026-06-16 20:59:38',NULL,17,'09:00:00'),(564,6,4,2,13,13,0,0,'Programado','2026-06-16 20:59:39','2026-06-16 20:59:39',NULL,17,'09:45:00'),(565,6,4,2,11,11,0,0,'Programado','2026-06-16 20:59:39','2026-06-16 20:59:39',NULL,17,'10:30:00'),(566,6,4,2,14,14,0,0,'Programado','2026-06-16 20:59:40','2026-06-16 20:59:40',NULL,17,'11:15:00'),(567,6,4,2,12,12,0,0,'Programado','2026-06-16 20:59:40','2026-06-16 20:59:40',NULL,17,'12:00:00'),(568,6,4,2,9,9,0,0,'Programado','2026-06-16 20:59:41','2026-06-16 20:59:41',NULL,17,'12:45:00'),(569,6,4,3,20,20,0,0,'Programado','2026-06-16 20:59:41','2026-06-16 20:59:41',NULL,17,'09:00:00'),(570,6,4,3,16,16,0,0,'Programado','2026-06-16 20:59:42','2026-06-16 20:59:42',NULL,17,'12:45:00'),(571,6,4,3,15,15,0,0,'Programado','2026-06-16 20:59:42','2026-06-16 20:59:42',NULL,17,'12:00:00'),(572,6,4,3,18,18,0,0,'Programado','2026-06-16 20:59:43','2026-06-16 20:59:43',NULL,17,'11:15:00'),(573,6,4,3,17,17,0,0,'Programado','2026-06-16 20:59:43','2026-06-16 20:59:43',NULL,17,'10:30:00'),(574,6,4,3,19,19,0,0,'Programado','2026-06-16 20:59:43','2026-06-16 20:59:43',NULL,17,'09:45:00'),(575,6,4,4,22,22,0,0,'Programado','2026-06-16 20:59:43','2026-06-16 20:59:43',NULL,17,'09:00:00'),(576,6,4,4,24,24,0,0,'Programado','2026-06-16 20:59:44','2026-06-16 20:59:44',NULL,17,'09:45:00'),(577,6,4,4,25,25,0,0,'Programado','2026-06-16 20:59:44','2026-06-16 20:59:44',NULL,17,'10:30:00'),(578,6,4,4,21,21,0,0,'Programado','2026-06-16 20:59:44','2026-06-16 20:59:44',NULL,17,'11:15:00'),(579,6,4,4,23,23,0,0,'Programado','2026-06-16 20:59:45','2026-06-16 20:59:45',NULL,17,'12:00:00'),(580,6,4,4,26,26,0,0,'Programado','2026-06-16 20:59:46','2026-06-16 20:59:46',NULL,17,'12:45:00'),(581,1,6,1,7,7,0,0,'Programado','2026-06-16 21:00:28','2026-06-16 21:00:28',NULL,18,'19:00:00'),(582,1,6,1,8,8,0,0,'Programado','2026-06-16 21:00:28','2026-06-16 21:00:28',NULL,18,'19:45:00'),(583,1,6,1,2,2,0,0,'Programado','2026-06-16 21:00:29','2026-06-16 21:00:29',NULL,18,'20:30:00'),(584,1,6,1,1,1,0,0,'Programado','2026-06-16 21:00:29','2026-06-16 21:00:29',NULL,18,'21:15:00'),(585,1,6,1,4,4,0,0,'Programado','2026-06-16 21:00:30','2026-06-16 21:00:30',NULL,18,'22:00:00'),(586,1,6,1,5,5,0,0,'Programado','2026-06-16 21:00:30','2026-06-16 21:00:30',NULL,18,'22:45:00'),(587,1,6,2,13,13,0,0,'Programado','2026-06-16 21:00:30','2026-06-16 21:00:30',NULL,18,'19:00:00'),(588,1,6,2,14,14,0,0,'Programado','2026-06-16 21:00:30','2026-06-16 21:00:30',NULL,18,'19:45:00'),(589,1,6,2,12,12,0,0,'Programado','2026-06-16 21:00:31','2026-06-16 21:00:31',NULL,18,'20:30:00'),(590,1,6,2,6,6,0,0,'Programado','2026-06-16 21:00:31','2026-06-16 21:00:31',NULL,18,'21:15:00'),(591,1,6,2,11,11,0,0,'Programado','2026-06-16 21:00:32','2026-06-16 21:00:32',NULL,18,'22:00:00'),(592,1,6,2,9,9,0,0,'Programado','2026-06-16 21:00:32','2026-06-16 21:00:32',NULL,18,'22:45:00'),(593,1,6,3,17,17,0,0,'Programado','2026-06-16 21:00:33','2026-06-16 21:00:33',NULL,18,'19:00:00'),(594,1,6,3,15,15,0,0,'Programado','2026-06-16 21:00:33','2026-06-16 21:00:33',NULL,18,'19:45:00'),(595,1,6,3,20,20,0,0,'Programado','2026-06-16 21:00:34','2026-06-16 21:00:34',NULL,18,'20:30:00'),(596,1,6,3,18,18,0,0,'Programado','2026-06-16 21:00:34','2026-06-16 21:00:34',NULL,18,'21:15:00'),(597,1,6,3,19,19,0,0,'Programado','2026-06-16 21:00:36','2026-06-16 21:00:36',NULL,18,'22:00:00'),(598,1,6,3,16,16,0,0,'Programado','2026-06-16 21:00:37','2026-06-16 21:00:37',NULL,18,'22:45:00'),(599,1,6,4,23,23,0,0,'Programado','2026-06-16 21:00:38','2026-06-16 21:00:38',NULL,18,'19:00:00'),(600,1,6,4,21,21,0,0,'Programado','2026-06-16 21:00:39','2026-06-16 21:00:39',NULL,18,'19:45:00'),(601,1,6,4,25,25,0,0,'Programado','2026-06-16 21:00:39','2026-06-16 21:00:39',NULL,18,'20:30:00'),(602,1,6,4,22,22,0,0,'Programado','2026-06-16 21:00:40','2026-06-16 21:00:40',NULL,18,'21:15:00'),(603,1,6,4,26,26,0,0,'Programado','2026-06-16 21:00:41','2026-06-16 21:00:41',NULL,18,'22:00:00'),(604,1,6,4,24,24,0,0,'Programado','2026-06-16 21:00:41','2026-06-16 21:00:41',NULL,18,'22:45:00'),(605,6,6,1,8,8,0,0,'Programado','2026-06-16 21:00:43','2026-06-16 21:00:43',NULL,18,'19:45:00'),(606,6,6,1,2,2,0,0,'Programado','2026-06-16 21:00:44','2026-06-16 21:00:44',NULL,18,'20:30:00'),(607,6,6,1,1,1,0,0,'Programado','2026-06-16 21:00:44','2026-06-16 21:00:44',NULL,18,'21:15:00'),(608,6,6,1,4,4,0,0,'Programado','2026-06-16 21:00:45','2026-06-16 21:00:45',NULL,18,'22:00:00'),(609,6,6,1,5,5,0,0,'Programado','2026-06-16 21:00:47','2026-06-16 21:00:47',NULL,18,'22:45:00'),(610,6,6,1,7,7,0,0,'Programado','2026-06-16 21:00:48','2026-06-16 21:00:48',NULL,18,'19:00:00'),(611,6,6,2,13,13,0,0,'Programado','2026-06-16 21:00:48','2026-06-16 21:00:48',NULL,18,'19:00:00'),(612,6,6,2,14,14,0,0,'Programado','2026-06-16 21:00:50','2026-06-16 21:00:50',NULL,18,'19:45:00'),(613,6,6,2,12,12,0,0,'Programado','2026-06-16 21:00:52','2026-06-16 21:00:52',NULL,18,'20:30:00'),(614,6,6,2,6,6,0,0,'Programado','2026-06-16 21:00:52','2026-06-16 21:00:52',NULL,18,'21:15:00'),(615,6,6,2,11,11,0,0,'Programado','2026-06-16 21:00:52','2026-06-16 21:00:52',NULL,18,'22:00:00'),(616,6,6,2,9,9,0,0,'Programado','2026-06-16 21:00:53','2026-06-16 21:00:53',NULL,18,'22:45:00'),(617,6,6,3,17,17,0,0,'Programado','2026-06-16 21:00:53','2026-06-16 21:00:53',NULL,18,'19:00:00'),(618,6,6,3,16,16,0,0,'Programado','2026-06-16 21:00:54','2026-06-16 21:00:54',NULL,18,'22:45:00'),(619,6,6,3,19,19,0,0,'Programado','2026-06-16 21:00:55','2026-06-16 21:00:55',NULL,18,'22:00:00'),(620,6,6,3,18,18,0,0,'Programado','2026-06-16 21:00:55','2026-06-16 21:00:55',NULL,18,'21:15:00'),(621,6,6,3,20,20,0,0,'Programado','2026-06-16 21:00:55','2026-06-16 21:00:55',NULL,18,'20:30:00'),(622,6,6,3,15,15,0,0,'Programado','2026-06-16 21:00:56','2026-06-16 21:00:56',NULL,18,'19:45:00'),(623,6,6,4,23,23,0,0,'Programado','2026-06-16 21:00:56','2026-06-16 21:00:56',NULL,18,'19:00:00'),(624,6,6,4,21,21,0,0,'Programado','2026-06-16 21:00:56','2026-06-16 21:00:56',NULL,18,'19:45:00'),(625,6,6,4,25,25,0,0,'Programado','2026-06-16 21:00:56','2026-06-16 21:00:56',NULL,18,'20:30:00'),(626,6,6,4,22,22,0,0,'Programado','2026-06-16 21:00:57','2026-06-16 21:00:57',NULL,18,'21:15:00'),(627,6,6,4,26,26,0,0,'Programado','2026-06-16 21:00:57','2026-06-16 21:00:57',NULL,18,'22:00:00'),(628,6,6,4,24,24,0,0,'Programado','2026-06-16 21:00:58','2026-06-16 21:00:58',NULL,18,'22:45:00'),(629,1,8,1,2,2,0,0,'Programado','2026-06-16 21:01:53','2026-06-16 21:01:53',NULL,15,'15:00:00'),(630,1,8,1,4,4,0,0,'Programado','2026-06-16 21:01:54','2026-06-16 21:01:54',NULL,15,'15:45:00'),(631,1,8,1,7,7,0,0,'Programado','2026-06-16 21:01:55','2026-06-16 21:01:55',NULL,15,'16:30:00'),(632,1,8,1,5,5,0,0,'Programado','2026-06-16 21:01:56','2026-06-16 21:01:56',NULL,15,'17:15:00'),(633,1,8,1,8,8,0,0,'Programado','2026-06-16 21:01:56','2026-06-16 21:01:56',NULL,15,'18:00:00'),(634,1,8,1,1,1,0,0,'Programado','2026-06-16 21:01:57','2026-06-16 21:01:57',NULL,15,'18:45:00'),(635,1,8,2,11,11,0,0,'Programado','2026-06-16 21:01:57','2026-06-16 21:01:57',NULL,15,'15:00:00'),(636,1,8,2,13,13,0,0,'Programado','2026-06-16 21:01:57','2026-06-16 21:01:57',NULL,15,'15:45:00'),(637,1,8,2,12,12,0,0,'Programado','2026-06-16 21:01:58','2026-06-16 21:01:58',NULL,15,'16:30:00'),(638,1,8,2,6,6,0,0,'Programado','2026-06-16 21:01:58','2026-06-16 21:01:58',NULL,15,'17:15:00'),(639,1,8,2,14,14,0,0,'Programado','2026-06-16 21:01:59','2026-06-16 21:01:59',NULL,15,'18:00:00'),(640,1,8,2,9,9,0,0,'Programado','2026-06-16 21:01:59','2026-06-16 21:01:59',NULL,15,'18:45:00'),(641,1,8,3,20,20,0,0,'Programado','2026-06-16 21:02:00','2026-06-16 21:02:00',NULL,15,'15:00:00'),(642,1,8,3,19,19,0,0,'Programado','2026-06-16 21:02:01','2026-06-16 21:02:01',NULL,15,'15:45:00'),(643,1,8,3,18,18,0,0,'Programado','2026-06-16 21:02:02','2026-06-16 21:02:02',NULL,15,'16:30:00'),(644,1,8,3,15,15,0,0,'Programado','2026-06-16 21:02:02','2026-06-16 21:02:02',NULL,15,'17:15:00'),(645,1,8,3,17,17,0,0,'Programado','2026-06-16 21:02:03','2026-06-16 21:02:03',NULL,15,'18:00:00'),(646,1,8,3,16,16,0,0,'Programado','2026-06-16 21:02:03','2026-06-16 21:02:03',NULL,15,'18:45:00'),(647,1,8,4,25,25,0,0,'Programado','2026-06-16 21:02:03','2026-06-16 21:02:03',NULL,15,'15:00:00'),(648,1,8,4,24,24,0,0,'Programado','2026-06-16 21:02:04','2026-06-16 21:02:04',NULL,15,'15:45:00'),(649,1,8,4,26,26,0,0,'Programado','2026-06-16 21:02:04','2026-06-16 21:02:04',NULL,15,'16:30:00'),(650,1,8,4,22,22,0,0,'Programado','2026-06-16 21:02:04','2026-06-16 21:02:04',NULL,15,'17:15:00'),(651,1,8,4,23,23,0,0,'Programado','2026-06-16 21:02:05','2026-06-16 21:02:05',NULL,15,'18:00:00'),(652,1,8,4,21,21,0,0,'Programado','2026-06-16 21:02:05','2026-06-16 21:02:05',NULL,15,'18:45:00'),(653,6,8,1,4,4,0,0,'Programado','2026-06-16 21:02:07','2026-06-16 21:02:07',NULL,15,'15:45:00'),(654,6,8,1,7,7,0,0,'Programado','2026-06-16 21:02:08','2026-06-16 21:02:08',NULL,15,'16:30:00'),(655,6,8,1,5,5,0,0,'Programado','2026-06-16 21:02:09','2026-06-16 21:02:09',NULL,15,'17:15:00'),(656,6,8,1,8,8,0,0,'Programado','2026-06-16 21:02:10','2026-06-16 21:02:10',NULL,15,'18:00:00'),(657,6,8,1,1,1,0,0,'Programado','2026-06-16 21:02:11','2026-06-16 21:02:11',NULL,15,'18:45:00'),(658,6,8,1,2,2,0,0,'Programado','2026-06-16 21:02:12','2026-06-16 21:02:12',NULL,15,'15:00:00'),(659,6,8,2,11,11,0,0,'Programado','2026-06-16 21:02:12','2026-06-16 21:02:12',NULL,15,'15:00:00'),(660,6,8,2,13,13,0,0,'Programado','2026-06-16 21:02:12','2026-06-16 21:02:12',NULL,15,'15:45:00'),(661,6,8,2,12,12,0,0,'Programado','2026-06-16 21:02:13','2026-06-16 21:02:13',NULL,15,'16:30:00'),(662,6,8,2,6,6,0,0,'Programado','2026-06-16 21:02:13','2026-06-16 21:02:13',NULL,15,'17:15:00'),(663,6,8,2,14,14,0,0,'Programado','2026-06-16 21:02:13','2026-06-16 21:02:13',NULL,15,'18:00:00'),(664,6,8,2,9,9,0,0,'Programado','2026-06-16 21:02:13','2026-06-16 21:02:13',NULL,15,'18:45:00'),(665,6,8,3,20,20,0,0,'Programado','2026-06-16 21:02:14','2026-06-16 21:02:14',NULL,15,'15:00:00'),(666,6,8,3,16,16,0,0,'Programado','2026-06-16 21:02:15','2026-06-16 21:02:15',NULL,15,'18:45:00'),(667,6,8,3,17,17,0,0,'Programado','2026-06-16 21:02:15','2026-06-16 21:02:15',NULL,15,'18:00:00'),(668,6,8,3,15,15,0,0,'Programado','2026-06-16 21:02:15','2026-06-16 21:02:15',NULL,15,'17:15:00'),(669,6,8,3,18,18,0,0,'Programado','2026-06-16 21:02:16','2026-06-16 21:02:16',NULL,15,'16:30:00'),(670,6,8,3,19,19,0,0,'Programado','2026-06-16 21:02:16','2026-06-16 21:02:16',NULL,15,'15:45:00'),(671,6,8,4,25,25,0,0,'Programado','2026-06-16 21:02:17','2026-06-16 21:02:17',NULL,15,'15:00:00'),(672,6,8,4,24,24,0,0,'Programado','2026-06-16 21:02:17','2026-06-16 21:02:17',NULL,15,'15:45:00'),(673,6,8,4,26,26,0,0,'Programado','2026-06-16 21:02:18','2026-06-16 21:02:18',NULL,15,'16:30:00'),(674,6,8,4,22,22,0,0,'Programado','2026-06-16 21:02:18','2026-06-16 21:02:18',NULL,15,'17:15:00'),(675,6,8,4,23,23,0,0,'Programado','2026-06-16 21:02:19','2026-06-16 21:02:19',NULL,15,'18:00:00'),(676,6,8,4,21,21,0,0,'Programado','2026-06-16 21:02:19','2026-06-16 21:02:19',NULL,15,'18:45:00'),(677,1,2,1,24,26,0,0,'Programado','2026-06-16 21:04:07','2026-06-16 21:04:07',NULL,12,'17:45:00'),(678,1,2,1,22,23,0,0,'Programado','2026-06-16 21:04:07','2026-06-16 21:04:07',NULL,12,'18:30:00'),(679,1,2,1,25,21,0,0,'Programado','2026-06-16 21:04:08','2026-06-16 21:04:08',NULL,12,'19:15:00'),(680,1,2,4,1,8,0,0,'Programado','2026-06-16 21:04:08','2026-06-16 21:04:08',NULL,12,'20:00:00'),(681,1,2,4,7,4,0,0,'Programado','2026-06-16 21:04:09','2026-06-16 21:04:09',NULL,12,'20:45:00'),(682,1,2,4,5,2,0,0,'Programado','2026-06-16 21:04:09','2026-06-16 21:04:09',NULL,12,'21:30:00'),(683,6,2,1,26,24,0,0,'Programado','2026-06-16 21:04:10','2026-06-16 21:04:10',NULL,12,'17:45:00'),(684,6,2,1,23,22,0,0,'Programado','2026-06-16 21:04:11','2026-06-16 21:04:11',NULL,12,'18:30:00'),(685,6,2,1,21,25,0,0,'Programado','2026-06-16 21:04:11','2026-06-16 21:04:11',NULL,12,'19:15:00'),(686,6,2,4,8,1,0,0,'Programado','2026-06-16 21:04:11','2026-06-16 21:04:11',NULL,12,'20:00:00'),(687,6,2,4,4,7,0,0,'Programado','2026-06-16 21:04:12','2026-06-16 21:04:12',NULL,12,'20:45:00'),(688,6,2,4,2,5,0,0,'Programado','2026-06-16 21:04:12','2026-06-16 21:04:12',NULL,12,'21:30:00'),(689,1,2,2,14,13,0,0,'Programado','2026-06-16 21:05:02','2026-06-16 21:05:02',NULL,13,'15:30:00'),(690,1,2,2,12,6,0,0,'Programado','2026-06-16 21:05:03','2026-06-16 21:05:03',NULL,13,'16:15:00'),(691,1,2,3,15,19,0,0,'Programado','2026-06-16 21:05:03','2026-06-16 21:05:03',NULL,13,'17:00:00'),(692,1,2,3,20,18,0,0,'Programado','2026-06-16 21:05:03','2026-06-16 21:05:03',NULL,13,'17:45:00'),(693,1,2,3,17,16,0,0,'Programado','2026-06-16 21:05:04','2026-06-16 21:05:04',NULL,13,'18:30:00'),(694,1,2,6,28,29,0,0,'Programado','2026-06-16 21:05:04','2026-06-16 21:05:04',NULL,13,'19:15:00'),(695,6,2,2,13,14,0,0,'Programado','2026-06-16 21:05:06','2026-06-16 21:05:06',NULL,13,'15:30:00'),(696,6,2,2,6,12,0,0,'Programado','2026-06-16 21:05:06','2026-06-16 21:05:06',NULL,13,'16:15:00'),(697,6,2,3,19,15,0,0,'Programado','2026-06-16 21:05:06','2026-06-16 21:05:06',NULL,13,'17:00:00'),(698,6,2,3,18,20,0,0,'Programado','2026-06-16 21:05:07','2026-06-16 21:05:07',NULL,13,'17:45:00'),(699,6,2,3,16,17,0,0,'Programado','2026-06-16 21:05:07','2026-06-16 21:05:07',NULL,13,'18:30:00'),(700,6,2,6,29,28,0,0,'Programado','2026-06-16 21:05:07','2026-06-16 21:05:07',NULL,13,'19:15:00'),(701,1,5,1,2,2,0,0,'Programado','2026-06-16 21:07:19','2026-06-16 21:07:19',NULL,16,'18:45:00'),(702,1,5,1,8,8,0,0,'Programado','2026-06-16 21:07:19','2026-06-16 21:07:19',NULL,16,'19:30:00'),(703,1,5,1,7,7,0,0,'Programado','2026-06-16 21:07:19','2026-06-16 21:07:19',NULL,16,'20:15:00'),(704,1,5,1,4,4,0,0,'Programado','2026-06-16 21:07:19','2026-06-16 21:07:19',NULL,16,'21:00:00'),(705,1,5,1,1,1,0,0,'Programado','2026-06-16 21:07:20','2026-06-16 21:07:20',NULL,16,'21:45:00'),(706,1,5,2,14,14,0,0,'Programado','2026-06-16 21:07:20','2026-06-16 21:07:20',NULL,16,'18:45:00'),(707,1,5,2,13,13,0,0,'Programado','2026-06-16 21:07:20','2026-06-16 21:07:20',NULL,16,'19:30:00'),(708,1,5,2,12,12,0,0,'Programado','2026-06-16 21:07:21','2026-06-16 21:07:21',NULL,16,'20:15:00'),(709,1,5,2,11,11,0,0,'Programado','2026-06-16 21:07:22','2026-06-16 21:07:22',NULL,16,'21:00:00'),(710,1,5,2,6,6,0,0,'Programado','2026-06-16 21:07:22','2026-06-16 21:07:22',NULL,16,'21:45:00'),(711,1,5,3,19,19,0,0,'Programado','2026-06-16 21:07:23','2026-06-16 21:07:23',NULL,16,'18:45:00'),(712,1,5,3,15,15,0,0,'Programado','2026-06-16 21:07:23','2026-06-16 21:07:23',NULL,16,'19:30:00'),(713,1,5,3,18,18,0,0,'Programado','2026-06-16 21:07:23','2026-06-16 21:07:23',NULL,16,'20:15:00'),(714,1,5,3,20,20,0,0,'Programado','2026-06-16 21:07:24','2026-06-16 21:07:24',NULL,16,'21:00:00'),(715,1,5,3,17,17,0,0,'Programado','2026-06-16 21:07:24','2026-06-16 21:07:24',NULL,16,'21:45:00'),(716,1,5,3,16,16,0,0,'Programado','2026-06-16 21:07:25','2026-06-16 21:07:25',NULL,16,'22:30:00'),(717,1,5,4,26,26,0,0,'Programado','2026-06-16 21:07:25','2026-06-16 21:07:25',NULL,16,'18:45:00'),(718,1,5,4,22,22,0,0,'Programado','2026-06-16 21:07:25','2026-06-16 21:07:25',NULL,16,'19:30:00'),(719,1,5,4,24,24,0,0,'Programado','2026-06-16 21:07:26','2026-06-16 21:07:26',NULL,16,'20:15:00'),(720,1,5,4,25,25,0,0,'Programado','2026-06-16 21:07:26','2026-06-16 21:07:26',NULL,16,'21:00:00'),(721,1,5,4,21,21,0,0,'Programado','2026-06-16 21:07:27','2026-06-16 21:07:27',NULL,16,'21:45:00'),(722,1,5,4,23,23,0,0,'Programado','2026-06-16 21:07:27','2026-06-16 21:07:27',NULL,16,'22:30:00'),(723,6,5,1,8,8,0,0,'Programado','2026-06-16 21:07:29','2026-06-16 21:07:29',NULL,16,'19:30:00'),(724,6,5,1,7,7,0,0,'Programado','2026-06-16 21:07:29','2026-06-16 21:07:29',NULL,16,'20:15:00'),(725,6,5,1,4,4,0,0,'Programado','2026-06-16 21:07:29','2026-06-16 21:07:29',NULL,16,'21:00:00'),(726,6,5,1,1,1,0,0,'Programado','2026-06-16 21:07:30','2026-06-16 21:07:30',NULL,16,'21:45:00'),(727,6,5,1,2,2,0,0,'Programado','2026-06-16 21:07:30','2026-06-16 21:07:30',NULL,16,'18:45:00'),(728,6,5,2,14,14,0,0,'Programado','2026-06-16 21:07:31','2026-06-16 21:07:31',NULL,16,'18:45:00'),(729,6,5,2,13,13,0,0,'Programado','2026-06-16 21:07:32','2026-06-16 21:07:32',NULL,16,'19:30:00'),(730,6,5,2,12,12,0,0,'Programado','2026-06-16 21:07:32','2026-06-16 21:07:32',NULL,16,'20:15:00'),(731,6,5,2,11,11,0,0,'Programado','2026-06-16 21:07:33','2026-06-16 21:07:33',NULL,16,'21:00:00'),(732,6,5,2,6,6,0,0,'Programado','2026-06-16 21:07:33','2026-06-16 21:07:33',NULL,16,'21:45:00'),(733,6,5,3,15,15,0,0,'Programado','2026-06-16 21:07:33','2026-06-16 21:07:33',NULL,16,'19:30:00'),(734,6,5,3,16,16,0,0,'Programado','2026-06-16 21:07:34','2026-06-16 21:07:34',NULL,16,'22:30:00'),(735,6,5,3,17,17,0,0,'Programado','2026-06-16 21:07:34','2026-06-16 21:07:34',NULL,16,'21:45:00'),(736,6,5,3,20,20,0,0,'Programado','2026-06-16 21:07:34','2026-06-16 21:07:34',NULL,16,'21:00:00'),(737,6,5,3,18,18,0,0,'Programado','2026-06-16 21:07:35','2026-06-16 21:07:35',NULL,16,'20:15:00'),(738,6,5,3,19,19,0,0,'Programado','2026-06-16 21:07:35','2026-06-16 21:07:35',NULL,16,'18:45:00'),(739,6,5,4,26,26,0,0,'Programado','2026-06-16 21:07:36','2026-06-16 21:07:36',NULL,16,'18:45:00'),(740,6,5,4,22,22,0,0,'Programado','2026-06-16 21:07:36','2026-06-16 21:07:36',NULL,16,'19:30:00'),(741,6,5,4,24,24,0,0,'Programado','2026-06-16 21:07:37','2026-06-16 21:07:37',NULL,16,'20:15:00'),(742,6,5,4,25,25,0,0,'Programado','2026-06-16 21:07:37','2026-06-16 21:07:37',NULL,16,'21:00:00'),(743,6,5,4,21,21,0,0,'Programado','2026-06-16 21:07:38','2026-06-16 21:07:38',NULL,16,'21:45:00'),(744,6,5,4,23,23,0,0,'Programado','2026-06-16 21:07:38','2026-06-16 21:07:38',NULL,16,'22:30:00'),(745,1,7,1,7,7,0,0,'Programado','2026-06-16 21:08:26','2026-06-16 21:08:26',NULL,14,'15:00:00'),(746,1,7,1,5,5,0,0,'Programado','2026-06-16 21:08:26','2026-06-16 21:08:26',NULL,14,'15:45:00'),(747,1,7,1,4,4,0,0,'Programado','2026-06-16 21:08:27','2026-06-16 21:08:27',NULL,14,'16:30:00'),(748,1,7,1,8,8,0,0,'Programado','2026-06-16 21:08:27','2026-06-16 21:08:27',NULL,14,'17:15:00'),(749,1,7,1,1,1,0,0,'Programado','2026-06-16 21:08:27','2026-06-16 21:08:27',NULL,14,'18:00:00'),(750,1,7,1,2,2,0,0,'Programado','2026-06-16 21:08:27','2026-06-16 21:08:27',NULL,14,'18:45:00'),(751,1,7,2,12,12,0,0,'Programado','2026-06-16 21:08:28','2026-06-16 21:08:28',NULL,14,'15:00:00'),(752,1,7,2,11,11,0,0,'Programado','2026-06-16 21:08:28','2026-06-16 21:08:28',NULL,14,'15:45:00'),(753,1,7,2,14,14,0,0,'Programado','2026-06-16 21:08:29','2026-06-16 21:08:29',NULL,14,'16:30:00'),(754,1,7,2,13,13,0,0,'Programado','2026-06-16 21:08:30','2026-06-16 21:08:30',NULL,14,'17:15:00'),(755,1,7,2,6,6,0,0,'Programado','2026-06-16 21:08:30','2026-06-16 21:08:30',NULL,14,'18:00:00'),(756,1,7,2,9,9,0,0,'Programado','2026-06-16 21:08:31','2026-06-16 21:08:31',NULL,14,'18:45:00'),(757,1,7,3,20,20,0,0,'Programado','2026-06-16 21:08:32','2026-06-16 21:08:32',NULL,14,'15:00:00'),(758,1,7,3,18,18,0,0,'Programado','2026-06-16 21:08:32','2026-06-16 21:08:32',NULL,14,'15:45:00'),(759,1,7,3,19,19,0,0,'Programado','2026-06-16 21:08:33','2026-06-16 21:08:33',NULL,14,'16:30:00'),(760,1,7,3,15,15,0,0,'Programado','2026-06-16 21:08:34','2026-06-16 21:08:34',NULL,14,'17:15:00'),(761,1,7,3,17,17,0,0,'Programado','2026-06-16 21:08:34','2026-06-16 21:08:34',NULL,14,'18:00:00'),(762,1,7,3,16,16,0,0,'Programado','2026-06-16 21:08:34','2026-06-16 21:08:34',NULL,14,'18:45:00'),(763,1,7,4,21,21,0,0,'Programado','2026-06-16 21:08:35','2026-06-16 21:08:35',NULL,14,'15:00:00'),(764,1,7,4,25,25,0,0,'Programado','2026-06-16 21:08:35','2026-06-16 21:08:35',NULL,14,'15:45:00'),(765,1,7,4,23,23,0,0,'Programado','2026-06-16 21:08:36','2026-06-16 21:08:36',NULL,14,'16:30:00'),(766,1,7,4,22,22,0,0,'Programado','2026-06-16 21:08:36','2026-06-16 21:08:36',NULL,14,'17:15:00'),(767,1,7,4,26,26,0,0,'Programado','2026-06-16 21:08:36','2026-06-16 21:08:36',NULL,14,'18:00:00'),(768,1,7,4,24,24,0,0,'Programado','2026-06-16 21:08:37','2026-06-16 21:08:37',NULL,14,'18:45:00'),(769,6,7,1,5,5,0,0,'Programado','2026-06-16 21:08:38','2026-06-16 21:08:38',NULL,14,'15:45:00'),(770,6,7,1,4,4,0,0,'Programado','2026-06-16 21:08:38','2026-06-16 21:08:38',NULL,14,'16:30:00'),(771,6,7,1,8,8,0,0,'Programado','2026-06-16 21:08:39','2026-06-16 21:08:39',NULL,14,'17:15:00'),(772,6,7,1,1,1,0,0,'Programado','2026-06-16 21:08:39','2026-06-16 21:08:39',NULL,14,'18:00:00'),(773,6,7,1,2,2,0,0,'Programado','2026-06-16 21:08:40','2026-06-16 21:08:40',NULL,14,'18:45:00'),(774,6,7,1,7,7,0,0,'Programado','2026-06-16 21:08:40','2026-06-16 21:08:40',NULL,14,'15:00:00'),(775,6,7,2,12,12,0,0,'Programado','2026-06-16 21:08:41','2026-06-16 21:08:41',NULL,14,'15:00:00'),(776,6,7,2,11,11,0,0,'Programado','2026-06-16 21:08:41','2026-06-16 21:08:41',NULL,14,'15:45:00'),(777,6,7,2,14,14,0,0,'Programado','2026-06-16 21:08:42','2026-06-16 21:08:42',NULL,14,'16:30:00'),(778,6,7,2,13,13,0,0,'Programado','2026-06-16 21:08:43','2026-06-16 21:08:43',NULL,14,'17:15:00'),(779,6,7,2,6,6,0,0,'Programado','2026-06-16 21:08:43','2026-06-16 21:08:43',NULL,14,'18:00:00'),(780,6,7,2,9,9,0,0,'Programado','2026-06-16 21:08:44','2026-06-16 21:08:44',NULL,14,'18:45:00'),(781,6,7,3,20,20,0,0,'Programado','2026-06-16 21:08:44','2026-06-16 21:08:44',NULL,14,'15:00:00'),(782,6,7,3,16,16,0,0,'Programado','2026-06-16 21:08:45','2026-06-16 21:08:45',NULL,14,'18:45:00'),(783,6,7,3,17,17,0,0,'Programado','2026-06-16 21:08:45','2026-06-16 21:08:45',NULL,14,'18:00:00'),(784,6,7,3,15,15,0,0,'Programado','2026-06-16 21:08:46','2026-06-16 21:08:46',NULL,14,'17:15:00'),(785,6,7,3,19,19,0,0,'Programado','2026-06-16 21:08:46','2026-06-16 21:08:46',NULL,14,'16:30:00'),(786,6,7,3,18,18,0,0,'Programado','2026-06-16 21:08:46','2026-06-16 21:08:46',NULL,14,'15:45:00'),(787,6,7,4,21,21,0,0,'Programado','2026-06-16 21:08:46','2026-06-16 21:08:46',NULL,14,'15:00:00'),(788,6,7,4,25,25,0,0,'Programado','2026-06-16 21:08:47','2026-06-16 21:08:47',NULL,14,'15:45:00'),(789,6,7,4,23,23,0,0,'Programado','2026-06-16 21:08:47','2026-06-16 21:08:47',NULL,14,'16:30:00'),(790,6,7,4,22,22,0,0,'Programado','2026-06-16 21:08:48','2026-06-16 21:08:48',NULL,14,'17:15:00'),(791,6,7,4,26,26,0,0,'Programado','2026-06-16 21:08:48','2026-06-16 21:08:48',NULL,14,'18:00:00'),(792,6,7,4,24,24,0,0,'Programado','2026-06-16 21:08:49','2026-06-16 21:08:49',NULL,14,'18:45:00'),(793,2,1,1,1,2,0,0,'Programado','2026-06-17 14:16:23','2026-06-17 14:16:23',NULL,1,'14:00:00'),(794,2,1,1,4,7,0,0,'Programado','2026-06-17 14:16:23','2026-06-17 14:16:23',NULL,1,'14:45:00'),(795,2,1,1,8,5,0,0,'Programado','2026-06-17 14:16:23','2026-06-17 14:16:23',NULL,1,'15:30:00'),(796,2,1,4,25,23,0,0,'Programado','2026-06-17 14:16:23','2026-06-17 14:16:23',NULL,1,'16:15:00'),(797,2,1,4,26,24,0,0,'Programado','2026-06-17 14:16:23','2026-06-17 14:16:23',NULL,1,'17:00:00'),(798,2,1,4,22,21,0,0,'Programado','2026-06-17 14:16:24','2026-06-17 14:16:24',NULL,1,'17:45:00'),(799,7,1,1,2,1,0,0,'Programado','2026-06-17 14:16:24','2026-06-17 14:16:24',NULL,1,'14:00:00'),(800,7,1,1,7,4,0,0,'Programado','2026-06-17 14:16:24','2026-06-17 14:16:24',NULL,1,'14:45:00'),(801,7,1,1,5,8,0,0,'Programado','2026-06-17 14:16:24','2026-06-17 14:16:24',NULL,1,'15:30:00'),(802,7,1,4,23,25,0,0,'Programado','2026-06-17 14:16:24','2026-06-17 14:16:24',NULL,1,'16:15:00'),(803,7,1,4,24,26,0,0,'Programado','2026-06-17 14:16:24','2026-06-17 14:16:24',NULL,1,'17:00:00'),(804,7,1,4,21,22,0,0,'Programado','2026-06-17 14:16:25','2026-06-17 14:16:25',NULL,1,'17:45:00'),(805,2,1,2,12,13,0,0,'Programado','2026-06-17 14:17:32','2026-06-17 14:17:32',NULL,11,'14:00:00'),(806,2,1,2,6,11,0,0,'Programado','2026-06-17 14:17:32','2026-06-17 14:17:32',NULL,11,'14:45:00'),(807,2,1,3,17,16,0,0,'Programado','2026-06-17 14:17:32','2026-06-17 14:17:32',NULL,11,'15:30:00'),(808,2,1,3,19,15,0,0,'Programado','2026-06-17 14:17:32','2026-06-17 14:17:32',NULL,11,'16:15:00'),(809,2,1,3,20,18,0,0,'Programado','2026-06-17 14:17:32','2026-06-17 14:17:32',NULL,11,'17:00:00'),(810,2,1,6,29,27,0,0,'Programado','2026-06-17 14:17:32','2026-06-17 14:17:32',NULL,11,'17:45:00'),(811,7,1,2,13,12,0,0,'Programado','2026-06-17 14:17:33','2026-06-17 14:17:33',NULL,11,'14:00:00'),(812,7,1,2,11,6,0,0,'Programado','2026-06-17 14:17:33','2026-06-17 14:17:33',NULL,11,'14:45:00'),(813,7,1,3,16,17,0,0,'Programado','2026-06-17 14:17:33','2026-06-17 14:17:33',NULL,11,'15:30:00'),(814,7,1,3,15,19,0,0,'Programado','2026-06-17 14:17:33','2026-06-17 14:17:33',NULL,11,'16:15:00'),(815,7,1,3,18,20,0,0,'Programado','2026-06-17 14:17:33','2026-06-17 14:17:33',NULL,11,'17:00:00'),(816,7,1,6,27,29,0,0,'Programado','2026-06-17 14:17:33','2026-06-17 14:17:33',NULL,11,'17:45:00');
/*!40000 ALTER TABLE `TblPartido` ENABLE KEYS */;
UNLOCK TABLES;

--
-- Table structure for table `TblSeries`
--

DROP TABLE IF EXISTS `TblSeries`;
/*!40101 SET @saved_cs_client     = @@character_set_client */;
/*!50503 SET character_set_client = utf8mb4 */;
CREATE TABLE `TblSeries` (
  `id` int NOT NULL AUTO_INCREMENT,
  `nombre` varchar(100) COLLATE utf8mb4_unicode_ci NOT NULL,
  `activa` tinyint(1) DEFAULT '1',
  `fecha_creacion` timestamp NULL DEFAULT CURRENT_TIMESTAMP,
  `fecha_actualizacion` timestamp NULL DEFAULT CURRENT_TIMESTAMP ON UPDATE CURRENT_TIMESTAMP,
  PRIMARY KEY (`id`),
  UNIQUE KEY `nombre` (`nombre`),
  KEY `idx_nombre` (`nombre`)
) ENGINE=InnoDB AUTO_INCREMENT=7 DEFAULT CHARSET=utf8mb4 COLLATE=utf8mb4_unicode_ci;
/*!40101 SET character_set_client = @saved_cs_client */;

--
-- Dumping data for table `TblSeries`
--

LOCK TABLES `TblSeries` WRITE;
/*!40000 ALTER TABLE `TblSeries` DISABLE KEYS */;
INSERT INTO `TblSeries` VALUES (1,'SERIE A',1,'2026-05-27 15:23:58','2026-05-27 15:28:19'),(2,'SERIE B',1,'2026-05-27 15:24:00','2026-05-27 15:28:20'),(3,'SERIE C',1,'2026-05-27 15:24:01','2026-05-27 15:28:21'),(4,'SERIE D',1,'2026-05-27 15:24:03','2026-05-27 15:28:22'),(6,'INVITADOS',1,'2026-05-27 15:28:40','2026-05-27 15:28:40');
/*!40000 ALTER TABLE `TblSeries` ENABLE KEYS */;
UNLOCK TABLES;

--
-- Table structure for table `TblSitio`
--

DROP TABLE IF EXISTS `TblSitio`;
/*!40101 SET @saved_cs_client     = @@character_set_client */;
/*!50503 SET character_set_client = utf8mb4 */;
CREATE TABLE `TblSitio` (
  `id` int NOT NULL AUTO_INCREMENT,
  `nombre` varchar(150) NOT NULL,
  `disciplina_id` int NOT NULL,
  `ciudad` varchar(100) DEFAULT NULL,
  `capacidad` int DEFAULT NULL,
  `direccion` varchar(255) DEFAULT NULL,
  `activa` tinyint(1) DEFAULT '1',
  `fecha_creacion` timestamp NULL DEFAULT CURRENT_TIMESTAMP,
  `fecha_actualizacion` timestamp NULL DEFAULT CURRENT_TIMESTAMP ON UPDATE CURRENT_TIMESTAMP,
  `horario_inicio` time DEFAULT '08:00:00',
  `horario_fin` time DEFAULT '22:00:00',
  PRIMARY KEY (`id`),
  UNIQUE KEY `unique_sitio_disciplina` (`nombre`,`disciplina_id`),
  KEY `disciplina_id` (`disciplina_id`),
  CONSTRAINT `TblSitio_ibfk_1` FOREIGN KEY (`disciplina_id`) REFERENCES `TblDisciplina` (`id`) ON DELETE CASCADE
) ENGINE=InnoDB AUTO_INCREMENT=20 DEFAULT CHARSET=utf8mb4 COLLATE=utf8mb4_0900_ai_ci;
/*!40101 SET character_set_client = @saved_cs_client */;

--
-- Dumping data for table `TblSitio`
--

LOCK TABLES `TblSitio` WRITE;
/*!40000 ALTER TABLE `TblSitio` DISABLE KEYS */;
INSERT INTO `TblSitio` VALUES (1,'JARAWA SPORT A',1,'Arequipa',100,'I.E. MANUEL MUÑOZ NAJAR',1,'2026-06-04 18:14:17','2026-06-04 18:37:51','14:00:00','18:00:00'),(11,'JARAWA SPORT B',1,'Arequipa',100,'I.E. MANUEL MUÑOZ NAJAR',1,'2026-06-04 18:22:31','2026-06-08 15:26:58','14:00:00','18:30:00'),(12,'MANUEL MUÑOZ NAJAR A',2,'Arequipa',100,'I.E. MANUEL MUÑOZ NAJAR',1,'2026-06-04 18:23:09','2026-06-05 15:57:13','14:00:00','18:00:00'),(13,'MANUEL MUÑOZ NAJAR B',2,'Arequipa',100,'I.E. MANUEL MUÑOZ NAJAR',1,'2026-06-04 18:23:35','2026-06-08 15:27:10','14:00:00','18:30:00'),(14,'JARAWA SPORT',7,'Arequipa',100,'I.E. MANUEL MUÑOZ NAJAR',1,'2026-06-04 18:24:15','2026-06-04 18:38:47','15:00:00','17:00:00'),(15,'JARAWA SPORT',8,'Arequipa',200,'I.E. MANUEL MUÑOZ NAJAR',1,'2026-06-04 18:24:54','2026-06-04 18:37:41','15:00:00','17:00:00'),(16,'G.U.E MNO. MELGAR',5,'Arequipa',100,'I.E. MANUEL MUÑOZ NAJAR',1,'2026-06-04 18:25:28','2026-06-04 18:38:30','18:45:00','21:30:00'),(17,'ESTADIO MNO. MELGAR',4,'Arequipa',100,'ESTADIO MNO. MELGAR',1,'2026-06-04 18:26:10','2026-06-04 18:36:50','09:00:00','12:00:00'),(18,'BILLAR MERCADERES',6,'Arequipa',50,'BILLAR MERCADERES',1,'2026-06-04 18:26:33','2026-06-04 18:37:30','19:00:00','21:00:00');
/*!40000 ALTER TABLE `TblSitio` ENABLE KEYS */;
UNLOCK TABLES;

--
-- Table structure for table `sesiones`
--

DROP TABLE IF EXISTS `sesiones`;
/*!40101 SET @saved_cs_client     = @@character_set_client */;
/*!50503 SET character_set_client = utf8mb4 */;
CREATE TABLE `sesiones` (
  `id` int NOT NULL AUTO_INCREMENT,
  `usuario_id` int NOT NULL,
  `token` varchar(255) COLLATE utf8mb4_unicode_ci NOT NULL,
  `fecha_inicio` timestamp NULL DEFAULT CURRENT_TIMESTAMP,
  `fecha_expiracion` datetime DEFAULT NULL,
  `activa` tinyint(1) DEFAULT '1',
  PRIMARY KEY (`id`),
  UNIQUE KEY `token` (`token`),
  KEY `usuario_id` (`usuario_id`),
  KEY `idx_token` (`token`),
  CONSTRAINT `sesiones_ibfk_1` FOREIGN KEY (`usuario_id`) REFERENCES `usuarios` (`id`) ON DELETE CASCADE
) ENGINE=InnoDB AUTO_INCREMENT=41 DEFAULT CHARSET=utf8mb4 COLLATE=utf8mb4_unicode_ci;
/*!40101 SET character_set_client = @saved_cs_client */;

--
-- Dumping data for table `sesiones`
--

LOCK TABLES `sesiones` WRITE;
/*!40000 ALTER TABLE `sesiones` DISABLE KEYS */;
INSERT INTO `sesiones` VALUES (1,1,'2bb289727c26131a9e55fbf9077772b8c30348479df0ffb441ce79fb5d891611','2026-05-21 18:00:57','2026-05-22 13:00:58',1),(2,1,'9e7021fc58cabc19bf6fb4541e7d2931a9b05a023fa123e5852b98909ecc3d0d','2026-05-21 18:01:15','2026-05-22 13:01:15',1),(3,1,'b199aa61358f8e03154b6f77fa008914dfdf4024941ca014576a762ea7858be8','2026-05-21 18:01:24','2026-05-22 13:01:25',1),(4,1,'3273becd296c4accece99c503efe2cf19e233f17c787aaf81904fb53e555e189','2026-05-21 18:02:48','2026-05-22 13:02:48',1),(5,1,'d974d913dc5ae4a3b79634e188e994c1815fbd3c4a2c4b05bd1413ed5d7d34cf','2026-05-21 18:06:48','2026-05-22 13:06:48',1),(6,1,'152d6ceb0f45533e890a3358cfb911ffb39e82ce561d65b386c15fe3a4793459','2026-05-21 18:06:58','2026-05-22 13:06:58',1),(7,1,'ee0dc30236cc8399e565081705b8f50cd709b234c54f26e81199f52cc1d791c1','2026-05-21 18:09:12','2026-05-22 13:09:12',1),(8,1,'701866b5458ed50b69314e2873c414e88b28c122da8d7a6ee79d00ce1f763a9d','2026-05-21 18:11:14','2026-05-22 13:11:14',1),(9,1,'eeee41063fc5b3de93a30feb00a4b1f53ac3a73ee9cbfa639b5c617cbeea3ac1','2026-05-21 18:31:08','2026-05-22 13:31:08',1),(10,1,'64dff5ba8295ecc4d9b154291decda0210a580c97e4c570658465fae81aa29c6','2026-05-21 18:33:02','2026-05-22 13:33:02',1),(11,1,'f59b4099ad419467aa60b59e0523e17f81998e33888389a8d4222c06ec978506','2026-05-21 18:55:23','2026-05-22 13:55:24',1),(12,1,'b5dbb9b721ae7ec3bfbe1bcee8832ee455cb018cb88082cd9216854a78027b34','2026-05-27 14:44:52','2026-05-28 09:44:52',1),(13,1,'4fea3a8010487231fd6902982ad30193a204fb12ce86d75303e486ac5f2c0bc1','2026-05-29 19:37:59','2026-05-30 14:37:58',1),(14,1,'0995f1b7c5bbe685f20843bc8405067d43ac848bf6604069e7a2b867589394a2','2026-05-29 19:38:16','2026-05-30 14:38:16',1),(15,1,'c58bba89d4c603494fa1a118e4d78a79eeeb8ea80f911e8ad28afcd7e7a6b209','2026-05-29 19:53:55','2026-05-30 14:53:55',1),(16,1,'29a8a0f2010793a588c770e201a189791a12f7ada23bc1c94f002a9e255e2164','2026-05-29 20:39:27','2026-05-30 15:39:26',1),(17,1,'e695f449edf1a798e5682f081f8f9f1c789a645eb11413ea50d921e077f2717e','2026-05-30 19:49:04','2026-05-31 14:49:04',1),(18,1,'0badeec0de3beba51e714f6c6c7f581bf53c6d62de24aa5fe52ea27398817ae3','2026-06-02 14:28:57','2026-06-03 09:28:57',1),(19,1,'95fefc186624249f5a6611eb743099eab98af3191f62d1f76955df29eb308a59','2026-06-02 14:34:35','2026-06-03 09:34:36',1),(20,1,'fc86c42d9f41b51d4a342b53f43e1bfd43780a9195b01a245e32374435106667','2026-06-04 15:22:27','2026-06-05 10:22:27',1),(21,1,'d1c04d1279ee1a31025d177c0b70a95954d6102ef57934d1ed2ebc04f8532e26','2026-06-04 18:04:03','2026-06-05 13:04:03',1),(22,1,'b60ae0a6d10c15c86aeeed9383097c4377d7209669f4e6caa35699673a0e5d26','2026-06-04 22:47:43','2026-06-05 17:47:43',1),(23,1,'5d23e4c6f556f0368206ac13d81c85464cc36f161be244d6954b45bd5685edee','2026-06-05 00:10:25','2026-06-05 19:10:25',1),(24,1,'99c88bd48b873a4d67bfe50445f3fe6513aa637734cfed48d9d594d1485ccd31','2026-06-05 15:13:04','2026-06-06 10:13:04',1),(25,1,'986f8bca302907d74318dfcea2b5500b7350ea11c2b1871f7ccda7e5512b639d','2026-06-05 15:49:40','2026-06-06 10:49:40',1),(26,1,'559edaca699f24161750dc9b7616aed6e44fc2eb097697bf86fee7b1fc630404','2026-06-08 13:55:07','2026-06-09 08:55:07',1),(27,1,'5e4fd1b4060816e2f01a3293033402ace2c43e9633edb7470a0673cc4208e608','2026-06-10 16:49:39','2026-06-11 11:49:39',1),(28,1,'593c8c52fec6910fb6ead3f5c160650b5eb2cc2782c2d870e2029896f96d41b9','2026-06-10 17:23:58','2026-06-11 12:23:58',1),(29,1,'5cf2d6f2b8410ad63789cca1b3d904936fa841fb36722e62e1c97fbc7c04b38b','2026-06-10 19:25:53','2026-06-11 14:25:53',1),(30,1,'ff028d9d170b51cd5619b9a4bd3e92d15c72041630c21b7918d4675690a5be02','2026-06-10 20:15:13','2026-06-11 15:15:13',1),(31,1,'25d161d9da94d4e5e7dad83836ca0896a151ecb915f55f239ec51a0ace7b305e','2026-06-11 00:07:00','2026-06-11 19:07:00',1),(32,1,'8ac1d5119c015d57f091a45daf0ef0d78ca579d07b3bc53ee59bc58beb2dfac2','2026-06-11 03:31:43','2026-06-11 22:31:43',1),(33,2,'850d577eb5b27fabb0a6e2a9108059ab9601369e0026ff2b83447124c346bb41','2026-06-11 03:32:37','2026-06-11 22:32:37',1),(34,1,'7b693d98be1bf5e4c610650a330c1433558111f9f849ddf0eb39a6239a7c6123','2026-06-11 03:35:45','2026-06-11 22:35:45',1),(35,1,'50d0642bcab9f5a3c4e17090785bace2940408f81fd3c15eb22e36da82dd36f8','2026-06-12 14:20:58','2026-06-13 09:21:05',1),(36,2,'fbb876920d1d486d5898ab05ed6bdd3615e9d4134be831b613341a1132a97f59','2026-06-12 14:21:53','2026-06-13 09:21:59',1),(37,1,'8bd960814427ef7437837d4c0f476913ff6af7204bcd9fc8294683b4dc4caf01','2026-06-12 14:25:11','2026-06-13 09:25:17',1),(38,1,'d6dc4ea5b02f6a5728518609b991da7c806d5a28781c93a90862ed213979d50b','2026-06-16 18:05:19','2026-06-17 13:05:19',1),(39,1,'85b95eb495a20e687d268b1d70484472b11bcb068e0b9aecd27539a67ed838ea','2026-06-16 18:52:04','2026-06-17 13:52:04',1),(40,1,'e82eae834ff1fcfe7b1ed035a18f2aba19bb1ec2d1e5550ea8dbedb15521a2fc','2026-06-17 14:15:38','2026-06-18 09:15:38',1);
/*!40000 ALTER TABLE `sesiones` ENABLE KEYS */;
UNLOCK TABLES;

--
-- Table structure for table `tblPartidoSubDisciplina`
--

DROP TABLE IF EXISTS `tblPartidoSubDisciplina`;
/*!40101 SET @saved_cs_client     = @@character_set_client */;
/*!50503 SET character_set_client = utf8mb4 */;
CREATE TABLE `tblPartidoSubDisciplina` (
  `id` int NOT NULL AUTO_INCREMENT,
  `partido_id` int NOT NULL,
  `subdisciplina_id` int NOT NULL,
  `puntos` int NOT NULL DEFAULT '0',
  `fecha_creacion` timestamp NULL DEFAULT CURRENT_TIMESTAMP,
  `fecha_actualizacion` timestamp NULL DEFAULT CURRENT_TIMESTAMP ON UPDATE CURRENT_TIMESTAMP,
  PRIMARY KEY (`id`),
  UNIQUE KEY `unique_partido_subdisciplina` (`partido_id`,`subdisciplina_id`),
  KEY `subdisciplina_id` (`subdisciplina_id`),
  CONSTRAINT `tblPartidoSubDisciplina_ibfk_1` FOREIGN KEY (`partido_id`) REFERENCES `TblPartido` (`id`) ON DELETE CASCADE,
  CONSTRAINT `tblPartidoSubDisciplina_ibfk_2` FOREIGN KEY (`subdisciplina_id`) REFERENCES `tblSubDisciplina` (`id`) ON DELETE CASCADE
) ENGINE=InnoDB AUTO_INCREMENT=12 DEFAULT CHARSET=utf8mb4 COLLATE=utf8mb4_0900_ai_ci;
/*!40101 SET character_set_client = @saved_cs_client */;

--
-- Dumping data for table `tblPartidoSubDisciplina`
--

LOCK TABLES `tblPartidoSubDisciplina` WRITE;
/*!40000 ALTER TABLE `tblPartidoSubDisciplina` DISABLE KEYS */;
/*!40000 ALTER TABLE `tblPartidoSubDisciplina` ENABLE KEYS */;
UNLOCK TABLES;

--
-- Table structure for table `tblSubDisciplina`
--

DROP TABLE IF EXISTS `tblSubDisciplina`;
/*!40101 SET @saved_cs_client     = @@character_set_client */;
/*!50503 SET character_set_client = utf8mb4 */;
CREATE TABLE `tblSubDisciplina` (
  `id` int NOT NULL AUTO_INCREMENT,
  `disciplina_id` int NOT NULL,
  `nombre` varchar(255) COLLATE utf8mb4_unicode_ci NOT NULL,
  `activa` tinyint(1) DEFAULT '1',
  `fecha_creacion` timestamp NULL DEFAULT CURRENT_TIMESTAMP,
  PRIMARY KEY (`id`),
  UNIQUE KEY `unique_disciplina_nombre` (`disciplina_id`,`nombre`),
  KEY `idx_disciplina` (`disciplina_id`),
  CONSTRAINT `tblSubDisciplina_ibfk_1` FOREIGN KEY (`disciplina_id`) REFERENCES `TblDisciplina` (`id`) ON DELETE CASCADE
) ENGINE=InnoDB AUTO_INCREMENT=12 DEFAULT CHARSET=utf8mb4 COLLATE=utf8mb4_unicode_ci;
/*!40101 SET character_set_client = @saved_cs_client */;

--
-- Dumping data for table `tblSubDisciplina`
--

LOCK TABLES `tblSubDisciplina` WRITE;
/*!40000 ALTER TABLE `tblSubDisciplina` DISABLE KEYS */;
INSERT INTO `tblSubDisciplina` VALUES (1,4,'100 metros planos',1,'2026-06-10 22:59:51'),(2,4,'200 metros planos',1,'2026-06-10 22:59:52'),(3,4,'Lanzamiento de Bala',1,'2026-06-10 22:59:52'),(4,4,'Lanzamiento de Disco',1,'2026-06-10 22:59:52'),(5,4,'Posta 4 x 100',1,'2026-06-10 22:59:52'),(6,5,'25 metros espalda',1,'2026-06-10 22:59:53'),(7,5,'25 metros pecho',1,'2026-06-10 22:59:53'),(8,5,'25 metros libre',1,'2026-06-10 22:59:53'),(9,5,'4 x 25 libre',1,'2026-06-10 22:59:53'),(10,1,'Categoría Única',1,'2026-06-10 22:59:54'),(11,2,'Categoría Única',1,'2026-06-10 22:59:54');
/*!40000 ALTER TABLE `tblSubDisciplina` ENABLE KEYS */;
UNLOCK TABLES;

--
-- Table structure for table `usuarios`
--

DROP TABLE IF EXISTS `usuarios`;
/*!40101 SET @saved_cs_client     = @@character_set_client */;
/*!50503 SET character_set_client = utf8mb4 */;
CREATE TABLE `usuarios` (
  `id` int NOT NULL AUTO_INCREMENT,
  `usuario` varchar(50) COLLATE utf8mb4_unicode_ci NOT NULL,
  `contraseña` varchar(255) COLLATE utf8mb4_unicode_ci NOT NULL,
  `email` varchar(100) COLLATE utf8mb4_unicode_ci DEFAULT NULL,
  `nombre_completo` varchar(100) COLLATE utf8mb4_unicode_ci DEFAULT NULL,
  `rol` varchar(50) COLLATE utf8mb4_unicode_ci DEFAULT 'usuario',
  `activo` tinyint(1) DEFAULT '1',
  `fecha_creacion` timestamp NULL DEFAULT CURRENT_TIMESTAMP,
  `fecha_actualizacion` timestamp NULL DEFAULT CURRENT_TIMESTAMP ON UPDATE CURRENT_TIMESTAMP,
  PRIMARY KEY (`id`),
  UNIQUE KEY `usuario` (`usuario`),
  KEY `idx_usuario` (`usuario`),
  KEY `idx_email` (`email`)
) ENGINE=InnoDB AUTO_INCREMENT=3 DEFAULT CHARSET=utf8mb4 COLLATE=utf8mb4_unicode_ci;
/*!40101 SET character_set_client = @saved_cs_client */;

--
-- Dumping data for table `usuarios`
--

LOCK TABLES `usuarios` WRITE;
/*!40000 ALTER TABLE `usuarios` DISABLE KEYS */;
INSERT INTO `usuarios` VALUES (1,'admin','admin123','admin@campeonato.com','Administrador','admin',1,'2026-05-21 17:59:07','2026-05-21 17:59:07'),(2,'referi','123456','Referi@campeonato.com','Referi','viewer',1,'2026-06-11 03:32:25','2026-06-11 03:32:25');
/*!40000 ALTER TABLE `usuarios` ENABLE KEYS */;
UNLOCK TABLES;
/*!40103 SET TIME_ZONE=@OLD_TIME_ZONE */;

/*!40101 SET SQL_MODE=@OLD_SQL_MODE */;
/*!40014 SET FOREIGN_KEY_CHECKS=@OLD_FOREIGN_KEY_CHECKS */;
/*!40014 SET UNIQUE_CHECKS=@OLD_UNIQUE_CHECKS */;
/*!40101 SET CHARACTER_SET_CLIENT=@OLD_CHARACTER_SET_CLIENT */;
/*!40101 SET CHARACTER_SET_RESULTS=@OLD_CHARACTER_SET_RESULTS */;
/*!40101 SET COLLATION_CONNECTION=@OLD_COLLATION_CONNECTION */;
/*!40111 SET SQL_NOTES=@OLD_SQL_NOTES */;

-- Dump completed on 2026-06-17  9:37:29
